scalper_effort_cost,primary_fan_allocation,final_fan_ownership,social_surplus,rent_dissipation,mean_fan_effort,mean_scalper_effort,active_fans,active_scalpers,access_classification
10.0,1.0,1.0,109.85613392452927,144.98173547612805,0.14498173547612808,0.0,21.392,0.0,Robust
8.0,1.0,1.0,109.780630218467,145.0285686351211,0.14502856863512112,0.0,21.358,0.0,Robust
6.0,1.0,1.0,109.85677584296587,145.08688342099316,0.14508688342099313,0.0,21.34,0.0,Robust
5.0,1.0,1.0,109.72879890076543,145.1046520524819,0.14510465205248194,0.0,21.378,0.0,Robust
4.0,1.0,1.0,109.84281069434674,144.88384250134493,0.14488384250134492,0.0,21.468,0.0,Robust
3.0,1.0,1.0,109.79821803866261,145.0628077048578,0.14506280770485783,0.0,21.318,0.0,Robust
2.5,0.058,1.0,177.52099833593027,81.75774105355299,0.0065813139355513145,0.6014114169440135,4.47,50.0,Highly vulnerable
2.0,0.0,1.0,180.9085064677263,78.39999999999877,0.0,0.7839999999999877,0.0,50.0,Highly vulnerable
1.5,0.0,1.0,180.9349904830164,78.4000000000009,0.0,1.0453333333333457,0.0,50.0,Highly vulnerable
1.0,0.0,1.0,180.92664879710395,78.39999999999877,0.0,1.5679999999999754,0.0,50.0,Highly vulnerable
