scalper_effort_cost,identity_cost,effort_primary_fan_allocation,lottery_primary_fan_allocation,mechanism_robustness_gap,access_comparison
10.0,0.5,1.0,0.802,-0.19799999999999995,Effort Contest
10.0,0.4,1.0,0.794,-0.20599999999999996,Effort Contest
10.0,0.3,1.0,0.79,-0.20999999999999996,Effort Contest
10.0,0.25,1.0,0.786,-0.21399999999999997,Effort Contest
10.0,0.2,1.0,0.674,-0.32599999999999996,Effort Contest
10.0,0.15,1.0,0.582,-0.41800000000000004,Effort Contest
10.0,0.1,1.0,0.494,-0.506,Effort Contest
10.0,0.05,1.0,0.37,-0.63,Effort Contest
8.0,0.5,1.0,0.802,-0.19799999999999995,Effort Contest
8.0,0.4,1.0,0.794,-0.20599999999999996,Effort Contest
8.0,0.3,1.0,0.79,-0.20999999999999996,Effort Contest
8.0,0.25,1.0,0.786,-0.21399999999999997,Effort Contest
8.0,0.2,1.0,0.674,-0.32599999999999996,Effort Contest
8.0,0.15,1.0,0.582,-0.41800000000000004,Effort Contest
8.0,0.1,1.0,0.494,-0.506,Effort Contest
8.0,0.05,1.0,0.37,-0.63,Effort Contest
6.0,0.5,1.0,0.802,-0.19799999999999995,Effort Contest
6.0,0.4,1.0,0.794,-0.20599999999999996,Effort Contest
6.0,0.3,1.0,0.79,-0.20999999999999996,Effort Contest
6.0,0.25,1.0,0.786,-0.21399999999999997,Effort Contest
6.0,0.2,1.0,0.674,-0.32599999999999996,Effort Contest
6.0,0.15,1.0,0.582,-0.41800000000000004,Effort Contest
6.0,0.1,1.0,0.494,-0.506,Effort Contest
6.0,0.05,1.0,0.37,-0.63,Effort Contest
5.0,0.5,1.0,0.802,-0.19799999999999995,Effort Contest
5.0,0.4,1.0,0.794,-0.20599999999999996,Effort Contest
5.0,0.3,1.0,0.79,-0.20999999999999996,Effort Contest
5.0,0.25,1.0,0.786,-0.21399999999999997,Effort Contest
5.0,0.2,1.0,0.674,-0.32599999999999996,Effort Contest
5.0,0.15,1.0,0.582,-0.41800000000000004,Effort Contest
5.0,0.1,1.0,0.494,-0.506,Effort Contest
5.0,0.05,1.0,0.37,-0.63,Effort Contest
4.0,0.5,1.0,0.802,-0.19799999999999995,Effort Contest
4.0,0.4,1.0,0.794,-0.20599999999999996,Effort Contest
4.0,0.3,1.0,0.79,-0.20999999999999996,Effort Contest
4.0,0.25,1.0,0.786,-0.21399999999999997,Effort Contest
4.0,0.2,1.0,0.674,-0.32599999999999996,Effort Contest
4.0,0.15,1.0,0.582,-0.41800000000000004,Effort Contest
4.0,0.1,1.0,0.494,-0.506,Effort Contest
4.0,0.05,1.0,0.37,-0.63,Effort Contest
3.0,0.5,1.0,0.802,-0.19799999999999995,Effort Contest
3.0,0.4,1.0,0.794,-0.20599999999999996,Effort Contest
3.0,0.3,1.0,0.79,-0.20999999999999996,Effort Contest
3.0,0.25,1.0,0.786,-0.21399999999999997,Effort Contest
3.0,0.2,1.0,0.674,-0.32599999999999996,Effort Contest
3.0,0.15,1.0,0.582,-0.41800000000000004,Effort Contest
3.0,0.1,1.0,0.494,-0.506,Effort Contest
3.0,0.05,1.0,0.37,-0.63,Effort Contest
2.5,0.5,0.058,0.802,0.744,Verified Lottery
2.5,0.4,0.058,0.794,0.736,Verified Lottery
2.5,0.3,0.058,0.79,0.732,Verified Lottery
2.5,0.25,0.058,0.786,0.728,Verified Lottery
2.5,0.2,0.058,0.674,0.616,Verified Lottery
2.5,0.15,0.058,0.582,0.5239999999999999,Verified Lottery
2.5,0.1,0.058,0.494,0.436,Verified Lottery
2.5,0.05,0.058,0.37,0.312,Verified Lottery
2.0,0.5,0.0,0.802,0.802,Verified Lottery
2.0,0.4,0.0,0.794,0.794,Verified Lottery
2.0,0.3,0.0,0.79,0.79,Verified Lottery
2.0,0.25,0.0,0.786,0.786,Verified Lottery
2.0,0.2,0.0,0.674,0.674,Verified Lottery
2.0,0.15,0.0,0.582,0.582,Verified Lottery
2.0,0.1,0.0,0.494,0.494,Verified Lottery
2.0,0.05,0.0,0.37,0.37,Verified Lottery
1.5,0.5,0.0,0.802,0.802,Verified Lottery
1.5,0.4,0.0,0.794,0.794,Verified Lottery
1.5,0.3,0.0,0.79,0.79,Verified Lottery
1.5,0.25,0.0,0.786,0.786,Verified Lottery
1.5,0.2,0.0,0.674,0.674,Verified Lottery
1.5,0.15,0.0,0.582,0.582,Verified Lottery
1.5,0.1,0.0,0.494,0.494,Verified Lottery
1.5,0.05,0.0,0.37,0.37,Verified Lottery
1.0,0.5,0.0,0.802,0.802,Verified Lottery
1.0,0.4,0.0,0.794,0.794,Verified Lottery
1.0,0.3,0.0,0.79,0.79,Verified Lottery
1.0,0.25,0.0,0.786,0.786,Verified Lottery
1.0,0.2,0.0,0.674,0.674,Verified Lottery
1.0,0.15,0.0,0.582,0.582,Verified Lottery
1.0,0.1,0.0,0.494,0.494,Verified Lottery
1.0,0.05,0.0,0.37,0.37,Verified Lottery
